,ИМТ 3 мес,СРБ,Динамика лептина,САД,% потери веса 3 мес,ГПП 1 нг/мл 0 мес,ГИП (пг/мл) 0 мес,Грелин (нг/мл) 0 мес,miR142 (ПЛАЗМА) 0 мес,"sST2 нг/мл (15,15-26,86) 0 мес",success
0,29.0,3.63,-41.72825469016486,110.0,12.359550561797752,2.41,137.17,3.71,,10.42,1
1,36.29,2.05,-20.54794520547945,130.0,7.258064516129033,3.66,133.74,2.3,18990.79,13.76,1
2,37.8,5.78,1.314290721107509,115.0,3.9215686274509802,6.24,185.2,2.59,,7.81,0
3,30.86,2.17,3.817572490164658,120.0,13.043478260869565,4.63,147.45,4.94,160774.4063,,1
4,34.83,3.95,7.012229327947941,120.0,4.0,4.9,57.67,1.86,70957.06,9.03,1
5,35.81,2.84,-16.733067729083665,130.0,-2.2058823529411766,4.33,424.17,2.66,113753.73,18.32,0
6,31.6,6.03,26.18867924528301,130.0,9.63855421686747,5.23,304.68,3.75,,17.68,0
7,34.85,2.87,-8.803970223325067,115.0,10.309278350515463,3.69,147.46,2.81,32327.69,11.98,1
8,30.9,4.42,30.728385085997928,110.0,1.2195121951219512,5.07,157.76,3.11,3328.7,34.91,0
9,26.81,0.53,-8.739076154806494,100.0,12.5,5.13,400.27,0.88,38088.8,23.35,1
10,34.31,1.38,-28.93030794165316,110.0,4.0,5.33,150.89,2.62,191581.1545,18.3,1
11,32.7,1.82,-1.0585829423794002,115.0,4.0,4.9,174.91,3.15,56469.02,7.37,1
12,34.56,5.95,-32.42463958060288,120.0,7.43801652892562,5.41,412.22,1.57,17999.04,10.08,1
13,37.46,4.18,-18.333917309039936,120.0,7.216494845360824,4.1,58.67,7.71,59310.2,9.17,1
14,45.36,2.38,-11.167564271923581,120.0,2.34375,3.6,596.7,11.55,6753.28,18.38,0
15,33.0,1.06,-11.76865271068169,110.0,4.761904761904762,4.0,94.5,10.46,163016.88,11.4,1
16,38.83,2.28,3.316977428851811,115.0,3.6036036036036037,3.7,106.29,1.34,,12.03,0
17,32.83,5.54,-1.197701707534183,150.0,2.3529411764705883,3.8,304.06,4.16,47740.22,6.57,0
18,28.93,0.55,1.2508850601840953,110.0,4.45859872611465,4.0,501.2,2.25,12621.52,11.02,1
19,30.5,2.28,-4.3233082706766925,120.0,3.4090909090909087,3.8,510.8,2.67,,14.58,0
20,32.03,14.3,-33.328898350186265,130.0,3.5294117647058822,3.9,604.7,0.79,19999.44,4.65,1
21,38.3,2.5,55.45203086329889,110.0,1.0752688172043012,2.5,52.8,3.69,,7.44,0
22,44.7,16.87,-17.216882574174683,130.0,5.833333333333333,2.8,45.3,4.07,,1.16,0
23,38.05,3.51,-12.139746084700208,120.0,5.9405940594059405,2.3,218.9,11.27,26755.55,11.25,0
24,29.4,0.9,-14.546640574037845,110.0,9.278350515463918,2.1,37.7,4.35,,8.15,1
25,43.75,7.26,-41.9093851132686,130.0,1.7543859649122806,3.2,222.6,6.41,22565.36,13.15,0
26,29.38,0.64,-15.592574964302708,120.0,10.112359550561797,2.6,230.2,9.58,11704.11,18.56,1
27,38.3,10.2,-23.45128877238969,100.0,8.064516129032258,1.9,139.6,5.44,395548.75,9.53,1
28,32.24,4.36,15.407854984894248,120.0,5.208333333333334,2.8,98.1,3.0,8727.33,13.93,0
29,35.59,8.32,-8.231844835363116,110.0,1.098901098901099,2.5,237.7,3.7,13342.8,11.44,0
30,32.04,1.29,-9.580838323353289,110.0,2.4390243902439024,3.2,124.1,8.7,34237.77,,1
31,38.97,6.15,18.32627118644069,110.0,2.6548672566371683,3.6,366.0,5.42,15021.85,12.94,0
32,31.95,9.31,-25.976016590027957,110.0,9.375,3.9,131.95,5.34,177650.06,12.69,1
33,34.41,2.14,-35.501083875270965,125.0,7.446808510638298,0.97,277.8,6.8,509505.66,,1
34,38.89,1.77,,139.0,6.1946902654867255,,,,,,1
35,37.03,7.98,,137.0,1.639344262295082,,,2.53,,,0
36,31.12,1.29,,123.0,7.142857142857142,,,1.31,,,1
37,35.83,5.8,,145.0,2.4390243902439024,,,3.38,,,0
38,41.5,3.8,,122.0,3.8095238095238098,,,3.35,,,0
39,29.48,1.03,,129.0,2.857142857142857,,,4.02,,,0
40,38.54,6.05,,118.0,10.377358490566039,,,1.57,,,1
41,28.01,0.93,,129.0,6.976744186046512,,,4.44,,,0
42,32.27,0.61,,140.0,4.0,,,0.47,,,0
43,45.9,16.67,,135.0,1.6528925619834711,,,1.18,,,0
